travel_distance_m,worst_posterior_diameter_m,normalized_distance,normalized_log_loss,knee_score,selected_knee,x_m,y_m
5.000000000000066,1495.2292561363988,0.0,1.0,0.0,False,4.045084971874767,2.9389262614624365
20.530696985551717,1257.0873671810102,0.015564083398574107,0.9332458847394796,0.05119003186194637,False,15.516613698895688,-13.4441146243174
20.700011625297677,1255.3303801930467,0.01573376201480474,0.932707701581443,0.0515585364037523,False,-7.426443755146154,19.321967147242272
31.96058600438708,1242.462117323596,0.0270185433040824,0.9287429064733277,0.044238550222589934,False,31.899654584675524,-1.9725858972964776
32.069612101158,1240.7109200008256,0.027127803774771017,0.9282001793680327,0.04467201685719635,False,8.95659713063368,30.793495874263193
40.22460736197538,1083.4994409219923,0.03530032986760625,0.8760656068847533,0.08863406324764045,False,26.98814242591661,-29.82715551009724
40.39778412951529,1082.1970735523892,0.035473878914065275,0.8756028112001083,0.08892330988582642,False,-18.897972482167074,35.70500803302211
47.095526076861745,1069.649338907019,0.042186019029065124,0.8711152300289501,0.08669875094198476,False,43.37118331169644,-18.355626783076318
47.24352338264154,1068.3543401441882,0.04233433448535558,0.8706490922550862,0.08701657325955814,False,-2.514931596387239,47.17653676004303
60.12094939484593,952.351741155608,0.05523944316137793,0.8264212579212291,0.11833929891739292,False,38.45967115293753,-46.21019639587707
60.29487079231844,951.3485170408356,0.055413738438504063,0.8260157001071199,0.11857056145437606,False,-30.369501209187998,52.088048918801945
64.91916585392103,939.3601391872987,0.060047974369148646,0.821135979353847,0.11881604627700437,False,54.842712038717366,-34.73866766885615
65.080265694707,938.3643910648093,0.06020942052702697,0.8207278752176721,0.11906270425530097,False,-13.986460323408163,63.55957764582286
74.92975132882924,926.3732895189971,0.07008007964716503,0.8157790665910704,0.11414085376176464,False,71.2257529244972,-23.26713894183523
75.06937139689485,925.3851099011765,0.07021999985715363,0.8153683852711009,0.11441161487174545,False,2.3965805623716747,75.03110637284378
83.7317598876403,837.6810766770175,0.07890100992555152,0.7770539079045692,0.14404508216987932,False,66.31424076573829,-51.121708554635994
83.89834005617224,836.8921623653221,0.0790679481922624,0.77669134859631,0.14424070321142768,False,-25.45798905042908,79.9426185316027
91.71137962604602,825.5390983154858,0.0868977834903822,0.7714356617289672,0.1416665547806506,False,82.69728165151813,-39.65017982761508
91.86349113337896,824.7573098466818,0.0870502219925444,0.7710710919392076,0.14187868606824794,False,-9.074948164649243,91.41414725862361
102.99280136297871,756.1715290918703,0.09820345695316725,0.7376632986925374,0.16413324435429533,False,77.7857694927592,-67.50474944041582
103.16211487493155,755.5315089978718,0.09837313443918033,0.7373374766299067,0.16428938893091305,False,-36.92951777745,96.32565941738254
109.57867799725123,744.8125765938134,0.1048034912776987,0.7318392657857884,0.16335724293651288,False,94.16881037853904,-56.03322071339491
109.7378306897847,744.1790804288368,0.10496298610153068,0.7315118458708713,0.1635251680275981,False,-20.546476891670167,107.79718814440345
119.19503433724307,733.4747413611763,0.11444051994455627,0.7259368045285638,0.15962267552687992,False,110.55185126431888,-44.56169198637399
119.34136342245773,732.8478200902358,0.11458716359409994,0.725607773500592,0.15980506290530805,False,-4.163436005890333,119.26871687142437
122.49092477121123,689.4136996945031,0.11774349556983346,0.7020984585176194,0.18015804591254714,False,89.25729821978013,-83.88779032619566
122.66178062769198,688.8844138384461,0.11791471871595982,0.70180292925676,0.18028235202728016,False,-48.401046504470926,112.70870030316237
128.07808630026378,678.7670650794638,0.1233426678465431,0.6961097803479505,0.1805475518055064,False,105.64033910555997,-72.41626159917475
128.24149861018978,678.2436850420676,0.12350643144468734,0.6958129644035965,0.18068060415171616,False,-32.018005618691085,124.18022903018328
136.39635526424118,668.1465399721437,0.131678818632793,0.690041458724113,0.178279722643094,False,122.0233799913398,-60.94473287215382
136.54981327273427,667.629102497163,0.13183260653069528,0.6897433479172081,0.17842404555209657,False,-15.63496473291125,135.65175775720422
142.12859026254736,633.7706037183964,0.13742337624388165,0.6697166959229968,0.19285992783312156,False,100.72882694680105,-100.27083121197549
142.30039672482818,633.3258987106948,0.13759555203932988,0.6694466014575995,0.19295784650307057,False,-59.87257523149185,129.09174118894222
146.9711050140481,623.7673432934031,0.14227630097232752,0.663594841807156,0.19412885722051643,False,117.11186783258088,-88.79930248495458
147.13725716851857,623.3279644173865,0.14244281030487305,0.6633237022479369,0.19423348744719005,False,-43.48953434571201,140.56326991596313
154.27402648560658,613.7937752125652,0.14959492156883492,0.6573926293049009,0.19301244912626414,False,133.49490871836073,-77.32777375793366
154.43232170146914,613.3597486930835,0.1497535570726743,0.65712044020791,0.1931260027194157,False,-27.106493459932175,152.03479864298407
161.85501440712798,586.7099335673129,0.15719220637607248,0.6400276689318196,0.20278012469210793,False,112.20035567382196,-116.65387209775533
162.02744640748662,586.3312866104026,0.1573650090543207,0.6397792557989486,0.20285573514673072,False,-71.34410395851278,145.47478207472204
166.12349390668044,577.2867424002321,0.1614698618462644,0.6337973670729651,0.20473277108077048,False,128.5833965596018,-105.18234337073442
166.29149986803966,576.9128982375369,0.16163822897083616,0.6335481010849872,0.2048136699441767,False,-54.961063072732934,156.94631080174298
172.6180314069019,567.8957852477727,0.16797836068457483,0.6274863664892628,0.20453527282616235,False,144.96643744538164,-93.71081464371349
172.7797223848722,567.5267623353386,0.16814039925040788,0.627236246055935,0.2046233546936571,False,-38.5780221869531,168.4178395287639
181.09929405115156,558.537487195128,0.17647785553938503,0.6210926299857982,0.20242951447481683,False,161.3494783311615,-82.23928591669257
181.25341929581575,558.1733039891058,0.17663231210781918,0.6208416537758286,0.20252603411635228,False,-22.194981301173257,179.8893682557848
181.6412816719926,546.4142390194006,0.17702100827358702,0.6126486643358457,0.21033032739056723,False,123.67188440084288,-133.03691298353516
181.81414650851127,546.0881650988031,0.1771942447184652,0.6124189717292607,0.21038678355227403,False,-82.81563268553369,161.85782296050186
185.454912974759,537.514505960936,0.1808428377576654,0.6063297954250296,0.21282736681730496,False,140.05492528662273,-121.56538425651424
185.62422635434655,537.1927704253619,0.18101251511102867,0.6060994061839096,0.21288807870506177,False,-66.43259179975385,173.3293516875228
191.29426098424048,528.6487787355805,0.18669473864127792,0.5999301782943371,0.2133750830643849,False,156.43796617240255,-110.09385552949331
191.45841049345668,528.3313942866034,0.18685924102347318,0.599699093081834,0.21344166589469282,False,-50.04955091397401,184.8008804145437
198.98106398483748,519.8174788461838,0.1943980659987688,0.5934478087608652,0.21215412524036603,False,172.8210070581824,-98.62232680247239
199.13887738890227,519.5044581276288,0.19455621865505734,0.5932160285559455,0.2122277527889972,False,-33.66651002819417,196.27240914156465
201.46976131955063,511.54529775825546,0.19689211329795436,0.5872751647296954,0.21583272197235015,False,135.14341312786382,-149.419953869315
201.64293776848686,511.26174645230196,0.19706566202512482,0.5870618153954804,0.21587252257939482,False,-94.28716141255461,178.2408638462817
204.91469997339863,503.118994657736,0.2003444575527771,0.5808840292597659,0.21877151318745702,False,151.52645401364364,-137.94842514229407
205.08496749137208,502.83937266222983,0.20051509109564208,0.5806701125678444,0.21881479633651346,False,-77.90412052677476,189.71239257330265
210.21418554469454,494.7278978087508,0.20565533545335832,0.5744123289001656,0.21993233564647607,False,167.9094948994235,-126.47689641527316
210.3801640601329,494.45221354392856,0.20582167077359909,0.5741978473432606,0.21998048188314023,False,-61.521079640994934,201.18392130032356
217.2325328841206,486.37242007835295,0.21268877016737078,0.5678580984244015,0.21945313140822775,False,184.2925357852033,-115.00536768825224
217.39315299475214,486.10068187449576,0.2128497355638165,0.5676430548583591,0.21950720957782444,False,-45.13803875521509,212.6554500273445
224.46947183058217,473.0990466812766,0.21994126639583392,0.5572110238812807,0.22284770972288537,False,162.99798274066458,-154.33146602807392
224.64045577817143,472.8539442277769,0.22011261790842684,0.5570116209891639,0.22287576110240925,False,-89.3756492537957,206.09543345908247
229.31749458541492,465.1381507637523,0.22479971096819268,0.5506810256928832,0.22451926333892402,False,179.3810236264444,-142.859937301053
229.48486641008788,464.89662336124104,0.22496744259287152,0.5504811681366633,0.22455138927046525,False,-72.99260836801585,217.56696218610338
235.76785799163358,457.21363697694693,0.23126394075124074,0.5440689158879006,0.2246671433608587,False,195.76406451222425,-131.3884085740321
235.93065390128334,456.9756897393768,0.23142708662403014,0.543868608083844,0.22470430529212593,False,-56.60956748223602,229.0384909131243
243.69335731815582,449.3259147948653,0.23920647756128163,0.537372704608742,0.22342081782997636,False,212.1471053980041,-119.91687984701116
243.8508621869491,449.0915527272829,0.2393643210190389,0.5371719514058759,0.22346372757508515,False,-40.22652659645618,240.51001964014523
244.0964016584699,446.68744173654596,0.23961038832792703,0.5351065331007305,0.22528307857134244,False,174.4695114676855,-170.71450691385374
244.26793660550717,446.4709858934055,0.23978229202445409,0.5349200265195069,0.225297681456039,False,-100.84717798081661,222.47847434486232
248.56190947457003,439.11775877690974,0.24408549566737386,0.5285299036037276,0.22738460072889843,False,190.85255235346534,-159.24297818683283
248.7303648381985,438.9045595718554,0.24425431316029705,0.5283430362766387,0.2274026505630643,False,-84.46413709503676,233.95000307188323
254.52503291557713,431.5849006218194,0.25006143806314457,0.5218717456510021,0.22806681628585335,False,207.2355932392452,-147.7714494598119
254.68954421329238,431.37496076092754,0.25022630301157733,0.5216845233161419,0.22808917367228077,False,-68.08109620925693,245.42153179890414
261.88348920790503,424.0892638197552,0.25743571286388917,0.5151301210794194,0.22743416605669153,False,223.618634125025,-136.29992073279098
262.0433808944731,423.8825858935986,0.25759594827037474,0.5149425499437432,0.2274615017858821,False,-51.69805532347709,256.8930605259251
263.779382858717,423.28633659558733,0.25933568212628066,0.5144009092620049,0.22626340861171446,False,185.9410401947064,-187.0975477996336
263.95135031819694,423.0939141477638,0.2595080192650245,0.5142259473319815,0.226266033402994,False,-112.31870670783755,238.86151523064217
267.9170251409135,416.0736058832979,0.2634822191177295,0.5077876506167688,0.2287301302655017,False,202.32408108048625,-175.62601907261268
268.08633846921555,415.88415994415715,0.26365189641969705,0.5076124089531966,0.2287356946271064,False,-95.9356658220577,250.33304395766308
273.45840981653527,408.897902477005,0.2690355161342893,0.5010935872036513,0.2298708966620595,False,218.70712196626607,-164.15449034559174
273.62429426654,408.71143394475166,0.26920175718688355,0.5009180726810364,0.22988017013208006,False,-79.55262493627787,261.804572684684
280.32030150957576,401.7596096004621,0.2759121588684706,0.49431683640549645,0.229771004726033,False,235.09016285204592,-152.68296161857083
280.4821276871191,401.57611925697415,0.2760743329245159,0.49414105639840955,0.22978461067707456,False,-63.16958405049803,273.27610141170493
287.36047375912614,395.5370045423469,0.2829674654097203,0.48831043330105234,0.22872210128922738,False,213.79560980750716,-192.0090599583925
287.53047726305164,395.36767081733456,0.28313783437098505,0.48814566537878545,0.2287165002502295,False,-107.40719454907861,266.7160848434429
288.4084620420329,394.65911825905334,0.28401770655801284,0.487455451467669,0.22852684197431816,False,251.47320373782577,-141.21143289154992
288.5657524567402,394.4786067679718,0.28417533510067117,0.48727941388547585,0.22854525101385298,False,-46.786543164718196,284.74763013872587
292.533778251505,388.68809335160125,0.2881518909793202,0.48158925868036867,0.23025885034031118,False,230.178650693287,-180.5375312313716
292.7007770644785,388.52148851631034,0.2883192487904345,0.4814242895058015,0.23025646170376401,False,-91.02415366329878,278.18761357046384
297.62293345184605,387.5968275821857,0.29325198636074984,0.4805074187482819,0.2262405948909682,False,267.85624462360556,-129.73990416452898
297.77535665322597,387.41929548700233,0.2934047372270092,0.48033113207265843,0.22626413070033236,False,-30.40350227893836,296.21915886574675
298.95815920816074,381.8766015096806,0.2945900824582102,0.4747863007495502,0.23062361679223964,False,246.56169157906683,-169.06600250435065
299.121571327079,381.7127249891844,0.2947538458649361,0.4746211387123432,0.23062501542272068,True,-74.64111277751894,289.6591422974847
306.554971409963,375.1029066068938,0.30220322556325907,0.46789967566978846,0.22989709876695247,False,262.94473246484665,-157.59447377732974
306.7143361048063,374.94175771081495,0.30236293284514326,0.46773432972237916,0.22990273743247758,False,-58.25807189173911,301.13067102450566
311.72507267913704,370.58376288568314,0.3073844410236701,0.4632356768662632,0.22937988211006666,False,241.65017942030795,-196.92057211715144
311.89298705715873,370.43411658365875,0.30755271636802717,0.46308026268400343,0.2293670209479694,False,-102.49568239031969,294.5706544562437
315.23946459032464,368.3673941532153,0.3109063878398293,0.4609274370780956,0.22816617508207515,False,279.3277733506265,-146.12294505030883
315.3944411546332,368.20897207405443,0.3110616975579938,0.4607619167742781,0.22817638566772808,False,-41.87503100595927,312.6021997515266
317.7616881813233,364.0721295572133,0.31343403346685267,0.4564143213646956,0.23015164516845177,False,258.03322030608774,-185.4490433901305
317.9264143075694,363.9249907449726,0.3135991137056342,0.4562587782003976,0.23014210809396818,False,-86.11264150453985,306.04218318326457
324.91915919944734,357.59815371400174,0.32060689093439554,0.44951037765218194,0.22988273141342253,False,274.4162611918676,-173.9775146631096
325.0802584801168,357.45352068839674,0.32076833653095327,0.4493547153716825,0.22987694809736425,False,-69.72960061876002,317.5137119102855
331.012130375196,354.28394852976544,0.32671296019919954,0.4459275345097743,0.2273595052910261,False,253.12170814732883,-213.30361300293123
331.1808053869132,354.14889503239493,0.32688199781238997,0.44578082424780024,0.22733717793980973,False,-113.96721111734063,310.95369534202354
333.12524604704925,351.16220770509847,0.3288306184458419,0.44252196972263735,0.22864741183152082,False,290.79930207764744,-162.50598593608868
333.28237876091026,351.02007865065144,0.3289880889486437,0.4423661988178275,0.22864571223352886,False,-53.34655973298018,328.98524063730645
336.7031333304712,348.048320901065,0.3324161971305386,0.4390946779979577,0.2284891248715037,False,269.5047490331087,-201.83208427591032
336.86895878925344,347.915579020068,0.33258237906509663,0.4389478953902568,0.22846972554464662,False,-97.58417023156079,322.4252240690444
342.3045414436367,344.7646719890121,0.33802964661731066,0.43544716134216505,0.22652319204052423,False,307.1823429634273,-151.03445720906774
342.45746236804666,344.62504497645256,0.3381828962765576,0.4352912929734562,0.22652581074998618,False,-36.96351884720033,340.45676936432733
343.4661111865163,341.8501105500665,0.33919371339217963,0.4321804104895206,0.22862587611829976,False,285.88778991888853,-190.3605555488894
343.62867303935366,341.71967782697465,0.3393566247050036,0.43203356620556477,0.22860980908943163,False,-81.20112934578096,333.89675279606536
350.3791374700245,339.5423661363657,0.3461216006411004,0.4295739846405673,0.2243044147183323,False,264.59323687434977,-229.68665388871108
350.54845077109087,339.4199595036629,0.34629127791577374,0.42943524114939907,0.22427348093482719,False,-125.43873984436154,327.3367362278033
351.2391479784388,335.6896772679076,0.3469834599181865,0.42518292893490894,0.2278336111469046,False,302.2708308046683,-178.88902682186847
351.39811393036575,335.561551137536,0.3471427675999748,0.4250360342909071,0.22782119810911816,False,-64.81808846000112,345.3682815230863
355.7604664845008,333.56154842574557,0.35151449792410033,0.4227357622841517,0.225749739791748,False,280.9762777601296,-218.21512516169017
355.92721991587433,333.4412790232988,0.35168160982611674,0.4225969970022292,0.22572139317165407,False,-109.0556989585817,338.8082649548242
359.95681492597265,329.567388795539,0.35571986727573374,0.4181003749538237,0.22617975777044252,False,318.6538716904482,-167.41749809484756
360.1119326165819,329.44156658467176,0.3558753184235787,0.4179534419556938,0.22617123962072744,False,-48.43504757422127,356.83981025010723
362.1677498788385,327.61783283081746,0.3579355550859614,0.41581739272260554,0.22624705219143304,False,297.35931864590947,-206.74359643466926
362.33155454096794,327.49969764015293,0.3580997118797505,0.41567861702804204,0.22622167109220753,False,-92.67265807280187,350.27979368184515
369.5476269594113,321.7115672466267,0.36533129672332104,0.40881714801806646,0.22585155525861245,False,313.7423595316893,-195.27206770764832
369.7081618724501,321.595563148422,0.3654921767390244,0.40867837395265183,0.22582944930832372,False,-76.28961718702203,361.7513224088661
374.91601597155346,320.4106183875438,0.3707112261868024,0.40725796720114493,0.22203080661205266,False,292.4478064871505,-234.59816604747002
375.08355916826133,320.3012247181824,0.37087912955191543,0.4071265710083045,0.2219942994397801,False,-120.52722768560264,355.19130584060406
377.8431131175523,315.8431073722316,0.37364461572742874,0.4017332498405697,0.22462213443200163,False,330.1254004174691,-183.8005389806274
378.0001249922241,315.7292311450912,0.3738019651312727,0.4015944901529575,0.22460354471576977,False,-59.90657630124218,373.222851135887
381.00129733507924,314.7024379581201,0.3768095891085576,0.4003410642070547,0.22284934668438766,False,308.83084737293035,-223.1266373204491
381.1661657300683,314.5950222655768,0.3769748119219179,0.40020970361493335,0.2228154844631488,False,-104.1441867998228,366.662834567625
386.99533287805264,310.01281710582896,0.38281651005818695,0.39456386798810605,0.222619621953707,False,346.50844130324896,-172.3290102536065
387.1486329992246,309.90106542504174,0.382970139729357,0.39442513618026737,0.22260472409037563,False,-43.52353541546236,384.6943798629079
388.0231412042904,309.03132581430134,0.3838465278688619,0.393343703067567,0.22280976906357114,False,325.2138882587102,-211.65510859342817
388.18502732124176,308.9258845739058,0.3840087619931672,0.39321239075621545,0.22277884725061742,False,-87.76114591404297,378.13436329464594
394.1554624138738,308.42791616174424,0.3899920317584551,0.39259163450438156,0.21741633373716335,False,303.91933521417144,-250.9812069332498
394.32368282873665,308.3280622802666,0.39016061379754213,0.3924670382673019,0.21737234793515592,False,-131.99875641262355,371.5743467263839
395.9317209432404,303.3976262911638,0.3917721087192128,0.3862641872514957,0.22196370402929155,False,341.59692914449005,-200.18357986640726
396.0903747573582,303.29415588199686,0.3919311035921878,0.38613293662118714,0.22193595978662511,False,-71.37810502826312,389.6058920216668
399.9481192476419,302.93830915495045,0.3957971410941121,0.3856812084505205,0.21852165045536737,False,320.3023760999513,-239.5096782062289
400.11390425558744,302.8402932202487,0.3959632824908761,0.3855566893141021,0.21848002819502182,False,-115.61571552684372,383.04587545340485
404.67505135368464,297.8016917837735,0.40053423470853844,0.3791007736749624,0.22036499161649914,False,357.9799700302699,-188.71205113938635
404.8302786532348,297.7001884874803,0.4006897957009512,0.37896959889253007,0.22034060540651873,False,-54.9950641424833,401.07742074868776
406.64292398707397,297.4853490020276,0.4025063376870678,0.37869180986200823,0.21880185245092398,False,336.6854169857311,-228.03814947920796
406.8059806808163,297.3891671977306,0.40266974490455854,0.37856738106613463,0.21876287402930683,False,-99.23267464106388,394.5174041804258
413.63589945857643,297.381240074662,0.4095143459911318,0.37855712408426306,0.21192852992460515,False,-143.47028513964446,387.95738761216376
414.19613369488195,292.0693693243526,0.4100757845656341,0.37162182533158333,0.21830239010278257,False,353.068457871511,-216.56662075218705
414.3562180741493,291.97501774333944,0.41023621307905134,0.37149750084613065,0.21826628607481802,False,-82.84963375528403,405.9889329074467
422.56171940536666,286.6907116681837,0.4184593538154258,0.36446960018932767,0.21707104599524657,False,369.4514987572908,-205.09509202516614
422.7186357327333,286.5981863114111,0.41861660746656615,0.3643453947601058,0.21703799777332805,False,-66.46659286950421,417.4604616344676
431.6924556276738,281.3497259218867,0.4276097184247268,0.35723343781368294,0.21515684376159033,False,385.8345396430706,-193.6235632981452
431.8460542077171,281.25902269717363,0.42776364719636667,0.3571093670117123,0.21512698579192108,False,-50.08355198372436,428.93199036148854
435.3869609958492,281.2441322891227,0.43131216588862725,0.3570889949503367,0.2115988391610361,False,407.1290926876094,-154.2974649583236
435.5312424287718,281.1485070283165,0.431456757484031,0.35695814114757707,0.21158510136839193,False,-5.845941485143783,435.4920069297505
440.6301354033021,276.5461173633977,0.4365666115729893,0.35060702396066956,0.21282636446634107,False,380.9230274843117,-221.478132910946
440.7885382777446,276.4615005102666,0.4367253549668428,0.3504892690305987,0.21278537600255848,False,-77.93812159652512,433.84350252024745
441.54087668627284,276.0467707641892,0.43747931068081863,0.34991159901895963,0.2126090903002218,False,402.2175805288505,-182.1520345711243
441.6910504796377,275.95788548494545,0.4376298073034998,0.3497876792933371,0.21258251340316303,False,-33.70051109794454,440.4035190885095
446.9471728786662,275.8029584449761,0.44289722881379645,0.3495715917675364,0.20753117941866717,False,423.5121335733892,-142.82593623130265
447.08772368583425,275.70928442411105,0.44303808176370174,0.3494408791991772,0.20752103903712105,False,10.537099400636038,446.96353565677146
449.3939093541029,271.40661668030623,0.4453492250502472,0.3433885747464418,0.211262200203311,False,397.30606837009157,-210.00660418392505
449.54922424141944,271.32369522759285,0.4455048738187142,0.34327099401249755,0.21122413216878827,False,-61.55508071074527,445.3150312472684
452.0600793300749,270.78221414616246,0.4480211265044709,0.3425023015369644,0.20947657195856467,False,418.60062141463027,-170.68050584410338
452.20675980444724,270.69514253005474,0.4481681222985551,0.34237855027161374,0.20945332742983108,False,-17.317470212164693,451.87504781553037
458.8588298640933,267.25492011093286,0.45483449234478085,0.33745697854152507,0.20770852911369403,False,392.39455621133266,-237.86117379672584
458.8625669016758,266.3046556308618,0.45483823741589074,0.33608636387089397,0.20907539871321523,False,413.68910925587136,-198.53507545690414
459.0146779299037,266.2234252075318,0.454990675437918,0.33596897429173195,0.20904035027035,False,-45.17203982496545,456.7865599742893
463.20436619589947,265.55643380989244,0.4591893702966645,0.3350037196132382,0.20580691009009727,False,434.9836623004101,-159.20897711708244
463.3475187716757,265.47117147743836,0.45933283060821234,0.33488015518785713,0.20578701420393058,False,-0.9344293263848726,463.3465765425513
467.2808526820633,262.303110959901,0.46327462002517567,0.3302605612716323,0.2064648187031921,False,408.77759709711245,-226.3896450697049
467.4376915668541,262.2270771672645,0.4634317960672615,0.3301490061514656,0.20641919778127293,False,-73.02660943776621,461.6980721330482
468.9934166303683,261.2405914815716,0.4649908654803286,0.32869871639957765,0.20631041812009382,False,430.07215014165126,-187.06354672988323
469.14224292225543,261.16104762581466,0.4651400117048018,0.32858153587155203,0.20627845242364617,False,-28.788998939185603,468.2580887013102
474.9297362789323,260.36981784710133,0.4709399464634164,0.32741398374170266,0.20164606979488092,False,451.36670318618997,-147.73744839006153
475.06935566388586,260.28636032017886,0.47107986598882445,0.327290625597244,0.20162950841393157,False,15.448611559394976,474.81810526957224
476.3941276110648,257.3883332021994,0.47240748580454595,0.32298235090072,0.20461016329473403,False,425.1606379828923,-214.918116342684
476.5479671936296,257.3138761431271,0.4725616560967915,0.32287102321315353,0.2045673206900549,False,-56.64356855198639,473.16960086006907
479.7445094856818,256.214791125303,0.4757650700109806,0.3212239208222794,0.20301100916674003,False,446.45519102743106,-175.5920180028623
479.8900015974034,256.1369292830638,0.4759108748877853,0.32110696823904045,0.20298215687317428,False,-12.405958053405783,479.72961742833115
485.33277738268276,253.94445545460636,0.4813653510340031,0.3177990790137474,0.2008355699522496,False,420.2491258241334,-242.77268595548475
485.4909741474468,253.87454656032094,0.4815238878751032,0.3176931349011523,0.20078297722374455,False,-84.49813816478712,478.08111301882803
486.15978274774926,252.51093395818205,0.48219413421642804,0.31562077991411286,0.20218508586945916,False,441.54367886867215,-203.44658761566308
486.31053307060085,252.43804905568595,0.48234520860796415,0.3155096979839026,0.20214509340813325,False,-40.26052766620654,484.64112958709
491.075110263887,251.2276316290797,0.4871200282354566,0.3136602292930079,0.19921974247153545,False,462.8382319132109,-164.12048927584138
491.2172464115924,251.1514471524806,0.4872624699339133,0.31354352460937013,0.19919400545671656,False,3.977082832374066,491.20114615535203
494.11322016418467,249.2044027633329,0.49016466917502655,0.31054883095385327,0.19928649987112018,False,436.63216670991324,-231.30115722846384
494.26860664791184,249.13596732274297,0.4903203896938153,0.31044314717361726,0.19923646313256743,False,-68.1150972790073,489.552641745849
496.5393276472368,247.67126980142461,0.49259599207284993,0.3081742509589206,0.19922975696822942,False,457.92671975445194,-191.97505888864214
496.6869276661539,247.59995239061172,0.49274390938822826,0.3080634341050931,0.19919265650667867,False,-23.87748678042672,496.11265831411094
502.94605422422796,246.27950082365643,0.4990164912203716,0.30600585807557756,0.19497765070405082,False,479.22127279899075,-152.64896054882044
503.08483649501744,246.20498896930093,0.49915557183206727,0.3058894223759969,0.1949550057919358,False,20.360123718153886,502.67267488237303
503.53534521426724,244.501199902491,0.4996070490120491,0.30321734286951046,0.19717560811844043,False,453.015207595693,-219.82962850144293
503.6878250034434,244.434233272273,0.49975985658775174,0.3031119380968326,0.1971282053154157,False,-51.73205639322745,501.02417047286986
507.4950969609473,242.86970729357066,0.503575313055853,0.30064113755905403,0.19578354938509296,False,474.30976064023184,-180.50353016162123
507.6395115172523,242.79995261997024,0.5037200380608151,0.30053060615684585,0.19574935578233904,False,-7.494445894646873,507.5841870411318
512.0003748628828,241.67297311098335,0.5080902759750775,0.29874040995900036,0.19316931406592214,False,448.1036954369341,-247.68419811424369
512.157149709887,241.60991426911707,0.5082473878417143,0.2986399951157501,0.19311261704253557,False,-79.58662600602824,505.93568263162877
513.5638357780681,239.83519359330046,0.5096570978696127,0.2958031309768059,0.19453977115358145,False,469.3982484814729,-208.358099774422
513.7133389310918,239.76969104603495,0.509806922410274,0.29569802487393,0.19449505271579598,False,-35.34901550744763,512.4956991998909
518.9906000867767,238.10662355902787,0.5150955281193125,0.29301978507094617,0.19188468680974136,False,490.69280152601164,-169.0320014346003
519.1318167792317,238.03842677677548,0.5152370483859615,0.292909560618029,0.1918533909960095,False,8.888594991132948,519.0557157681528
521.0991780829863,237.13268593446327,0.5172086389356484,0.29144263603540266,0.19134872502894895,False,464.486736322714,-236.21266938722277
521.2532163334696,237.0710022475278,0.5173630083228898,0.2913425303511127,0.19129446132599748,False,-63.20358512024839,517.4072113586496
524.1638894068475,235.20674034691794,0.5202799384839883,0.2883046893425425,0.19141537217346916,False,485.7812893672527,-196.88657104740108
524.3103700431282,235.14269706930457,0.5204267340103881,0.2881999026184678,0.19137336337114413,False,-18.965974621667783,523.9672279269117
530.0385772549439,234.72530558722684,0.5261672551764346,0.28751627253730505,0.18631647228626036,False,459.5752241639551,-264.0672390000235
530.196601724533,234.6670667649025,0.526325619351976,0.2874207886925773,0.18625359195544672,False,-91.05815473304912,522.3187235174087
530.7959334224361,232.6290517834165,0.5269262394360746,0.2840644074030589,0.18900935316086648,False,480.8697772084938,-224.74114066020184
530.9471584602542,232.56873849804168,0.5270777895630743,0.28396463080678214,0.1889575796301436,False,-46.82054423446857,528.8787400856706
535.3015528626319,230.61620702210612,0.5314415446277658,0.28072049131289645,0.18783796405933773,False,502.1643302530325,-185.41504232038014
535.4449865988039,230.5536181130204,0.5315852867041212,0.2806160457870438,0.187798667508835,False,-2.5829337358879627,535.4387566539326
538.8328710439596,230.33769568397767,0.5349804541005484,0.2802555064921204,0.18476403940733122,False,475.9582650497349,-252.59571027300257
538.9883171454409,230.28074688145392,0.5351362343652519,0.2801603591599824,0.18470340647476569,False,-74.67511384726927,533.7902522444296
541.0584926575189,228.16241751342173,0.5372108601434538,0.2766043373505807,0.18618480250596553,False,497.25281809427366,-213.26961193318093
541.2068501192954,228.103469793556,0.53735953652997,0.2765049108045509,0.18613555266547904,False,-30.437503348688722,540.3502688126915
546.9439843678477,226.06397142365913,0.5431090039232463,0.27304899125225457,0.18384200482449908,False,518.5473711388124,-173.94351359335923
547.0843657177791,226.00283189203017,0.5432496870516319,0.2729449099223509,0.18380540302601722,False,13.800107149891858,546.9102853809536
548.2160454205144,225.9861939497493,0.5443837995315954,0.27291658132559427,0.1826996191428103,False,492.34130593551475,-241.12418154598163
548.3688316801982,225.93053041533193,0.5445369142366269,0.2728217906307934,0.1826412951325797,False,-58.29207296148945,545.2617809714504
551.8552908289072,223.73314009773617,0.5480308682431154,0.26906102558449213,0.18290810617239245,False,513.6358589800535,-201.79808320616
552.0007465167785,223.67555302257173,0.5481766366177693,0.2689619711449708,0.18286139223725995,False,-14.054462462908901,551.8217975397125
558.1584022439678,221.67113792531936,0.5543475294867012,0.26549822777612847,0.18015424273717034,False,508.7243468212946,-229.65265281896072
558.3084676926699,221.6167548273855,0.5544979175318105,0.2654038148592716,0.18009826760891784,False,-41.909032075709604,556.7333096984714
559.059649389229,221.55042294486213,0.555250714047228,0.26528862663648867,0.1794606593162833,False,534.9304120245922,-162.47198486633832
559.1969892192337,221.4907277073518,0.5553883491173173,0.2651849337509427,0.17942671713174002,False,30.183148035671707,558.3818141079745
563.1556015479993,219.341587204206,0.5593554712937945,0.26143306042906433,0.17921146827714118,False,530.0188998658333,-190.32655447913908
563.2981392602962,219.28535576591477,0.5594983154200881,0.2613344013110241,0.1791672832688878,False,2.328578422870919,563.2933262667334
568.6306107962973,217.39287502442303,0.5648422501954594,0.25799916980309817,0.1771585800014424,False,525.1073877070744,-218.18112409193978
568.7779132810698,217.33976744922103,0.5649898693370825,0.2579051568784689,0.17710497378444862,False,-25.525991189929783,568.2048384254923
571.6184576395683,217.07596325753644,0.5678365200272705,0.2574378205508668,0.17472565942186274,False,551.313452910372,-151.00045613931738
571.7527807460906,217.01770713597838,0.5679711318888123,0.25733454168589837,0.17469432642528931,False,46.566188921451555,569.8533428349954
574.9297357885747,214.98813781330182,0.5711549164466299,0.25371902140853503,0.17512606214483512,False,546.4019407516132,-178.85502575211817
575.0693551504403,214.9332569145403,0.5712948359489004,0.2536207820543686,0.175084381996731,False,18.711619308650768,574.7648549937543
579.6039519133745,213.1517630873474,0.5758391807560183,0.2504181272025627,0.17374269204141907,False,541.4904285928542,-206.70959536491887
579.7484662984452,213.0999260365902,0.5759840058043484,0.2503245376193766,0.173691456576275,False,-9.142950304149963,579.6763671525132
584.5918496295259,212.64100705347605,0.5808378009795638,0.24949498464947967,0.1696672143709565,False,567.6964937961519,-139.52892741229647
584.7231924850582,212.58418477205228,0.580969426183456,0.24939214679130403,0.16963842702523993,False,62.949229807231404,581.3248715620164
585.6084707834088,211.53963436794214,0.5818566075687664,0.2474967900888165,0.17064660234241705,False,536.5789164340953,-234.56416497771963
585.7574627076089,211.4905537045167,0.582005919781613,0.2474075022306237,0.17058657798776333,False,-36.99751991695072,584.5878793112722
587.1491894169245,210.67318288039147,0.5834006382924412,0.24591748226267132,0.17068187944488752,False,562.784981637393,-167.38349702509723
587.2859037744518,210.6196473315659,0.5835376465454717,0.24581968841519167,0.17064266503933664,False,35.09466019443062,586.2363837207753
591.0505144339465,208.94817097262822,0.587310350006369,0.24275381862754605,0.16993583136608495,False,557.8734694786341,-195.23806663789796
591.1922307629143,208.8975993608408,0.5874523709836017,0.2426606769347894,0.1698869520816089,False,7.240090581629886,591.1478958795342
596.2694446240844,207.4396504601561,0.5925404993555069,0.23996571802241073,0.16749378262208237,False,552.9619573198752,-223.09263625069872
596.41577331312,207.3917628087136,0.5926871426080199,0.23987687869873958,0.1674359786932405,False,-20.6144790311709,596.0594080382931
599.7867455787788,206.39712604564485,0.5960653614687577,0.2380270144532416,0.16590762407800075,False,579.1680225231728,-155.91196829807632
599.9205800030583,206.34493056187839,0.5961994835975342,0.23792969323314286,0.16587082316932297,False,51.477701080210466,597.7079124477962
602.7717566143882,206.12497141441207,0.5990567893967579,0.23751929720895856,0.16342391339428355,False,548.0504451611163,-250.94720586349948
602.9222964851633,206.07952356560693,0.5992076528838077,0.23743444679816522,0.16335790031802705,False,-48.46904864397166,600.970920197052
602.9433473815463,204.7824791895584,0.5992287490334026,0.23500496506393712,0.16576628590266027,False,574.256510364414,-183.76653791087702
603.0822690590912,204.73316784116543,0.5993679693515371,0.23491229707898195,0.16571973356948091,False,23.623131467409735,602.6194246065551
607.4020251294403,203.37660520341618,0.6036970116220133,0.2323541954426811,0.16394879293530562,False,569.344998205655,-211.6211075236778
607.545672518304,203.32990550961594,0.6038409678103506,0.2322658292284466,0.16389320296120283,False,-4.231438145391053,607.530936765314
612.816538379158,202.16038439512636,0.6091231644765626,0.23004619122611217,0.16083064429732527,False,595.5510634089527,-144.4404395710554
612.9475278115061,202.10952359291335,0.6092544354975151,0.22994937121416273,0.16079619328832215,False,67.86074196599031,609.179441174817
615.2565722450231,200.65508057443077,0.6115684436948101,0.22717029381933007,0.1612612624858598,False,590.6395512501938,-172.2950091838561
615.3927142829149,200.6070242205394,0.6117048783978869,0.2270781267004705,0.1612169949016426,False,40.006172353189584,614.090953333576
618.9807668016645,199.35086888715065,0.6153006441701658,0.2246610866763995,0.16003826915343466,False,585.7280390914348,-200.14957879665687
619.1217277197995,199.30535200835433,0.6154419081126556,0.22457321937883332,0.15998487250851104,False,12.151602740388796,619.002465492335
623.9661286080021,198.22663498696753,0.6202967230324403,0.2224849339532635,0.15721834301429619,False,580.816526932676,-228.00414840945766
624.1115562758037,198.18342656730323,0.6204424633267897,0.22240105035447,0.15715648631874035,False,-15.702966872411992,623.9139776510938
626.2140841996811,197.96338927693807,0.6225495110649242,0.22197359230201455,0.15547689663306127,False,611.9341042947325,-132.96891084403447
626.3422717566398,197.91385767042576,0.6226779741872824,0.2218773036261642,0.15544472218655336,False,84.2437828517701,620.650969901838
627.9654602203266,196.56638101358385,0.6243046520269137,0.21924854308897046,0.1564468048841159,False,607.0225921359736,-160.8234804568352
628.0988475801597,196.51957428842644,0.6244383261301873,0.21915690541203878,0.15640476845777387,False,56.38921323896943,625.562482060597
630.98110844098,195.36282374917653,0.6273267830008601,0.21688527039659672,0.1557879466025432,False,602.1110799772147,-188.67805006963596
631.1193890808464,195.31848445106124,0.6274653609032743,0.21679792912269963,0.15573670997402606,False,28.534643626168645,630.4739942193559
635.2430237232749,194.33236988086716,0.6315978601426654,0.21485030112309234,0.15355183873424227,False,597.1995678184558,-216.53261968243672
635.3858703308069,194.2902735755658,0.6317410138282277,0.21476693891303053,0.1534920472587418,False,0.6800740133678573,635.3855063781148
639.9562866236073,193.80658717648052,0.636321255166625,0.21380780927813536,0.14987093555523967,False,628.3171451805124,-121.49738211701356
640.0817220701585,193.75837917333484,0.636446960262351,0.2137120837057569,0.14984095603189207,False,100.62682373754996,632.1224986288589
640.7263371898883,193.45743277336356,0.6370929611142633,0.21311396209267178,0.14979307679306494,False,592.2880556596969,-244.3871892952375
640.873408059886,193.4173828147302,0.6372403481432082,0.21303429390212877,0.14972535795466305,False,-27.174495599432873,640.2970185368737
641.0464794137456,192.5168002165024,0.6374137915493786,0.21123846717069783,0.15134774127992356,False,623.4056330217534,-149.35195172981426
641.1771454680492,192.47123765349693,0.6375447384971192,0.21114738900990074,0.15130787249298003,False,72.77225412474922,637.0340107876178
643.3794593771543,191.41286465897784,0.6397517867308875,0.2090256446206326,0.15122256864847988,False,618.4941208629946,-177.20652134261505
643.5150758240338,191.36969761178892,0.6398876947130866,0.2089388578480706,0.1511734474388428,False,44.917684511948494,641.9455229463767
646.9417815600723,190.47519874369266,0.6433217668547099,0.20713606038269086,0.14954217276259926,False,613.5826087042356,-205.0610909554158
647.0820456132809,190.4342093667052,0.6434623324342194,0.2070532465358283,0.14948442102995235,False,17.063114899147706,646.8570351051357
651.7132871959891,189.68688336928795,0.6481035298189389,0.20554023576299416,0.14635623441806692,False,608.6710965454768,-232.91566056821657
651.8578792170302,189.64788080749926,0.648248432670134,0.2054611089217574,0.14629045840810861,False,-10.791454713653025,651.7685472638946
654.1441587810222,189.64355055195819,0.6505396270601559,0.20545232286845072,0.1440080500713934,False,117.0098646233298,643.5940273558799
654.4773168779719,188.50677254238414,0.650873501348648,0.20313884240931465,0.14598765624203738,False,639.7886739075333,-137.88042300279335
654.6053020023494,188.462448569758,0.6510017616032547,0.20304835542239869,0.14594988297434658,False,89.15529501052907,648.5055395146387
656.1532582312385,187.5013998460321,0.6525530454809961,0.2010811323690271,0.14636582214997676,False,634.8771617487744,-165.7349926155941
656.2862350772286,187.45939962044835,0.6526863081879432,0.20099493002057428,0.14631876179148257,False,61.300725397728286,653.4170516733977
659.0399367770907,186.65550557947586,0.6554459295334192,0.19934126398803356,0.14521280647854726,False,629.9656495900155,-193.5895622283949
659.1776265120802,186.61561785053,0.6555839152606855,0.19925902679901458,0.14515705794029993,False,33.446155784927555,658.3285638321565
663.1215410818992,185.95283685650148,0.6595363080823741,0.19788998167425562,0.14257371024337032,False,625.0541374312565,-221.44413184119566
663.2636460988615,185.91487656380116,0.6596787185831658,0.19781142295039417,0.14250985846644,False,5.591586172126824,663.2400759909156
668.2368800409182,184.53674788375375,0.664662643509832,0.1949484739603356,0.14038888252983245,False,656.1717147933132,-126.40889427577241
668.3622303426627,184.4936568196821,0.664788263277715,0.19485861147819156,0.14035312524409344,False,105.53833589630892,659.9770682416597
669.2810081172943,183.62885167599316,0.6657090161532895,0.19305068806286094,0.14124029578384958,False,651.2602026345542,-154.2634638885732
669.4113771746597,183.58801273853854,0.6658396654656363,0.19296510158439265,0.14119523294997102,False,77.68376628350813,664.8885804004186
671.5159028691598,182.87368726798147,0.6679487152690106,0.19146499736230094,0.1405862873686885,False,646.3486904757953,-182.11803350137396
671.6510350123275,182.83489580827253,0.6680841379063878,0.1913833665139374,0.14053249557967484,False,49.82919667070735,669.8000925591775
674.9297354435232,182.25566650130503,0.6713698865754619,0.19016240036102236,0.1384677130635157,False,641.4371783170363,-209.97260311417475
675.0693547891113,182.2187432567472,0.67150980606142,0.19008443778934858,0.13840575614923145,False,21.974627057906673,674.7116047179364
679.504737117811,181.7612606487984,0.6759547231525631,0.1891171613022209,0.134928115545216,False,636.5256661582774,-237.82717272697545
679.6485523545556,181.7260478421578,0.6760988475496047,0.18904260836969872,0.13485854408069659,False,-5.879942554894114,679.6231168766953
682.3052816634588,180.6071926108421,0.6787612880421128,0.18666620347360663,0.1345725084842806,False,672.554755679093,-114.93736554875153
682.4280478465475,180.56532865803015,0.6788843181362479,0.1865770005943494,0.13453868126940266,False,121.92137678208877,671.4485969686806
682.7422920586749,179.79565747756595,0.6791992378806496,0.18493330474608527,0.1358674573732651,False,667.643243520334,-142.79193516155226
682.8700911812626,179.75597418552786,0.6793273117336177,0.1848483671881598,0.13582432107822248,False,94.06680716928798,676.3601091274395
684.3490172019058,179.13015428937166,0.6808094170085468,0.18350638586002455,0.13568419713142865,False,662.7317313615752,-170.64650477435305
684.4816158029097,179.09245361680303,0.6809423006573926,0.18342539249412523,0.13563230684848218,False,66.2122375564872,681.2716212861984
687.1172515116292,178.59575794368334,0.6835836022047046,0.1823567329518424,0.134059664843453,False,657.8202192028161,-198.5010743871538
687.2543949036763,178.55986642867816,0.6837210404145524,0.182279395895478,0.1339995636899696,False,38.357667943686465,686.1831334449573
691.033036333703,178.17951921516158,0.6875078048079957,0.18145888815443903,0.1310333070375653,False,652.9087070440573,-226.35564399995454
691.1744528385539,178.14528419490335,0.6876495253165782,0.18138494842183173,0.13096552626159008,False,10.503098330885734,691.0946456037162
696.0770052833651,177.87014895277449,0.6925626168016489,0.18079020338882087,0.12664717980953025,False,647.9971948852983,-254.2102136127553
696.2224107272981,177.83743546762162,0.6927083348243548,0.18071942722334156,0.12657223795230366,False,-17.351471281915053,696.0061577624751
696.5177721383455,176.0022704230084,0.6930043311752294,0.17672802222866216,0.13026764659610843,False,684.0262844061139,-131.32040643453138
696.6430441545637,175.9637370187898,0.6931298724892954,0.1766437683316272,0.13022635917907743,False,110.44984805506783,687.8316378544605
697.5195673844896,175.42533149337794,0.6940082799853688,0.17546460235226977,0.13052711766236139,False,679.114772247355,-159.1749760473321
697.6496627328027,175.38871601728988,0.6941386550002696,0.17538427914321814,0.13047706585651225,False,82.59527844226704,692.7431500132193
699.6642672481759,174.97350986988855,0.6961575903205314,0.17447226821825432,0.1293701414612143,False,674.203260088596,-187.0295456601329
699.79895173789,174.93864466330317,0.6962925643421323,0.17439558743236203,0.1293118482255057,False,54.740708829466314,697.6546621719783
702.9414106763152,174.63443384542364,0.6994417786394523,0.17372587228225425,0.1268323490782934,False,669.2917479298371,-214.8841152729336
703.0804319533476,174.60117136019647,0.6995810987711838,0.17365257472170284,0.12676632650711336,False,26.886139216665526,702.5661743307372
707.3352577266945,174.39732084786976,0.7038450711636902,0.17320306235387936,0.12295186648243042,False,664.3802357710782,-242.7386848857344
707.4783493068618,174.36553065053891,0.7039884703485065,0.1731329141840965,0.12287861546739698,False,-0.9684303961352043,707.4776864894961
710.5891755744633,172.24916046519877,0.7071059839741002,0.16843393625677439,0.12446007976912543,False,700.4093252918937,-119.84887770751044
710.7119673313293,172.2117710700375,0.7072290396969888,0.16835040253930728,0.12442055776370392,False,126.83288894084762,699.3031665814814
711.0088019309443,171.75965891512698,0.7075265124033514,0.16733887572319223,0.12513461187345637,False,695.4978131331347,-147.70344732031123
711.1364295620248,171.72412293046543,0.7076544143961562,0.16725925695417312,0.1250863286496707,False,98.9783193280469,704.2146787402403
712.5517920845882,171.3893347235312,0.709072819530252,0.16650835043256426,0.12441883003718371,False,690.586300974376,-175.55801693311196
712.6840410676255,171.35549029627455,0.7092053528095558,0.16643235813005364,0.1243622890603906,False,71.12374971524616,709.1261908989992
715.21087546446,171.1263915140176,0.7117376191542861,0.1659175580760727,0.12234482276964118,False,685.6747888156169,-203.4125865459127
715.3475122866766,171.09409621061954,0.711874549705328,0.16584493298272576,0.1222805173119462,False,43.269180102445375,714.0377030577581
718.9736687545104,170.96055107975658,0.7155085013389314,0.1655444734938448,0.1189470251672238,False,680.763276656858,-231.26715615871345
719.114444491969,170.92967899114856,0.715649579702661,0.16547498183768733,0.1188754384596517,False,15.414610489644588,718.949215216517
723.8229592531601,170.88281710941487,0.720368216380382,0.16536947390102313,0.11426230971859491,False,675.8517644980991,-259.1217257715142
723.9676133773177,170.85325646480547,0.7205131814681969,0.16530290422928648,0.11418391430251665,False,-12.439959123156143,723.8607273752759
724.798927953338,168.13359263975346,0.7213462831251068,0.15912850037745507,0.11952521649743808,False,711.8808540189145,-136.2319185932903
724.92412774666,168.09913032060382,0.7214717520610189,0.15904962201912592,0.1194786259198552,False,115.36136021382669,715.6862074672612
725.7616867415842,167.84365945662643,0.7223111115604897,0.15846438811850808,0.11922450032100226,False,706.9693418601557,-164.08648820609108
725.8915290396438,167.81083016567575,0.7224412329811537,0.15838911803756217,0.11916964898128413,False,87.50679060102601,720.5977196260201
727.8231694042657,167.6557923262799,0.7243770258022355,0.15803345252004725,0.11758952167771725,False,702.0578297013967,-191.94105781889175
727.9574389164303,167.62445874413913,0.7245115839542077,0.15796153157009893,0.1175268844756934,False,59.652220988225224,725.5092317847791
730.9740801843468,167.56021498952666,0.7275347101101755,0.15781402882362047,0.11465126106620407,False,697.1463175426379,-219.79562743169254
731.1125452459589,167.53025572937227,0.7276734728307878,0.15774522345163053,0.11458130371758171,False,31.797651375424437,730.4207439435379
735.3428280457222,167.5196799820196,0.7319128494895637,0.15772093192173392,0.11036621858870238,False,3.943081762623649,735.3322561022968
738.8730983743685,164.5476057177809,0.7354507088570911,0.15083284686765666,0.11371644427525227,False,728.2638949046944,-124.76038986626935
738.9959137426181,164.51421111019397,0.7355737882421206,0.15075474665900265,0.11367146509887674,False,131.74440109960653,727.157736194282
739.2766704563459,164.33692632196937,0.7358551484998885,0.1503398637868197,0.11380498771329176,False,723.3523827459355,-152.61495947907014
739.4041394734976,164.30510640376625,0.7359828915377914,0.15026535125994464,0.11375175720226396,False,103.8898314868058,732.0692483530411
740.7607815352416,164.22305020521998,0.7373424499794144,0.15007313410498688,0.11258441591559867,False,718.4408705871766,-180.46952909187087
740.8927064108536,164.19267277032102,0.7374746584545577,0.15000195041475312,0.11252339113068915,False,76.03526187400507,736.9807605117999
743.4551253135968,164.1676485941319,0.740042585801378,0.14994330116549223,0.11001411303312972,False,48.180692261204285,741.8922726705589
753.0803177749714,160.86959370798684,0.7496884695846704,0.14213434475580827,0.10817718565952134,False,739.7354236317153,-141.1434307520492
753.2054507301276,160.8387772711372,0.7498138715387342,0.14206062678008374,0.10812550168118201,False,120.27287237258565,743.540777080062
754.0069661480146,160.8285936125403,0.7506171099781194,0.14203626269197328,0.10734662732990735,False,734.8239114729564,-168.99800036484993
754.1365738059857,160.7991666307366,0.7507469962542879,0.1419658508776814,0.10728715286803073,False,92.41830275978486,748.4522892388209
767.1570468679039,157.44213701697515,0.7637954594889458,0.13384749516570582,0.1023570453453484,False,756.1184645174952,-129.67190202502826
767.2798841026695,157.41231803417458,0.763918560787498,0.133774610473783,0.10230682873871902,False,136.6559132583655,755.0123058070828
781.3619161936392,154.15632812155891,0.7780308650896905,0.12573197373725545,0.096237161173054,False,767.5899932445161,-146.05494291080805
781.4869871148805,154.12878444535255,0.7781562048764848,0.125663215823302,0.09618057930021315,False,125.18438453134456,771.3953466928627
781.4921011105068,154.05504958728372,0.7781613298656918,0.12547908930440388,0.09635958082990437,False,772.5015054032751,-118.20037329800738
781.6126854700077,154.02622188637832,0.7782821734459626,0.12540707843568963,0.09631074811834775,False,153.03895414414535,766.4838345341038
782.7610549493255,154.00489816455678,0.7794330115806005,0.12535380364484902,0.09521318477455046,False,180.89352375694602,761.5723223753448
795.4410183142601,150.87945581488503,0.792140233122963,0.11746438671428673,0.09039538016275027,False,783.9730341302959,-134.58341418378717
795.5638758571964,150.8528447109499,0.7922633547733425,0.11739651412341234,0.09034013110324512,False,141.5674254171244,782.8668754198836
796.0715254530498,150.7088436595688,0.7927720956659416,0.1170290263713088,0.09019887796274956,False,788.8845462890549,-106.72884457098644
796.1899017361803,150.68100091366216,0.7928907264231297,0.11695793174266195,0.09015134183420831,False,169.42199502992514,777.9553632611247
797.7050417651028,150.614562095889,0.7944091235557637,0.11678823148326356,0.08880264496097279,False,793.7960584478137,-78.87427495818565
797.8188006586535,150.58537593649086,0.7945231269973477,0.11671365954823153,0.08876321345442074,False,197.27656464272587,773.0438511023658
800.4444501288995,150.57435943506385,0.7971544208387219,0.11668550813980055,0.08616007102147755,False,225.13113425552666,768.1323389436069
809.6437013498837,147.94597997559592,0.8063734477337179,0.1099094254036649,0.08371712686261722,False,795.4445628573169,-150.96645506956702
809.7687145415116,147.92138035788784,0.8064987296667971,0.1098454394508711,0.08365583088233176,False,130.09589669010347,799.2499163056634
809.7693394762845,147.64274390325326,0.8064993559449952,0.10911993566085926,0.08438070839414552,False,800.3560750160757,-123.11188545676623
809.8900234648876,147.61705911522324,0.8066202993685415,0.1090529896042037,0.08432671102725478,False,157.9504663029042,794.3384041469046
810.8821388933025,147.40405138667845,0.8076145475522016,0.10849734681514991,0.08388810563264845,False,805.2675871748347,-95.2573158439655
810.9983533680569,147.37718710317282,0.8077310118537641,0.10842721279021399,0.08384177535602196,False,185.805035915705,789.4268919881456
812.9780459498865,147.2367323098935,0.8097149601901329,0.10806032211385376,0.08222471769601335,False,810.1790993335936,-67.40274623116477
813.0896680092815,147.20858186006004,0.8098268222039988,0.10798674647657186,0.08218643131942932,False,213.65960552850572,784.5153798293867
816.0494857646897,147.14863949744426,0.8127930026936839,0.1078300307764354,0.07937696652988067,False,815.0906114923525,-39.54817661836398
816.1564110396899,147.11908169300813,0.8129001578264553,0.10775273017265982,0.07934711200088487,False,241.5141751413065,779.6038676706278
820.1876409328121,147.117744489537,0.8169400536736119,0.10774923270419556,0.07531071362219255,False,269.36874475410724,774.692355511869
823.7250103490671,144.8123207372344,0.8204850273896903,0.10167160200789783,0.07784337060241185,False,811.8276037430967,-139.49492634254608
823.8478868026813,144.78859360808747,0.8206081679914,0.10160855004581007,0.07778328196278991,False,146.47893757588326,810.7214450326844
824.3338842331361,144.44670556451416,0.8210952101728377,0.1006988752538248,0.07820591457333749,False,816.7391159018556,-111.64035672974529
824.4524362551106,144.421940670638,0.8212140170466565,0.10063289873366744,0.07815308421967603,False,174.33350718868405,805.8099328739255
825.9115041668861,144.1412258860204,0.822676221523647,0.0998842503904446,0.07743952808590834,False,821.6506280606145,-83.78578711694462
826.02560414598,144.1153333944882,0.8227905667840075,0.09981512334661889,0.07739430986937358,False,202.18807680148484,800.8984207151666
828.4523358259829,143.90223450681836,0.8252225152206208,0.09924572575926309,0.07553175902011607,False,826.5621402193735,-55.93121750414383
828.5618732252135,143.87511284251673,0.8253322880929185,0.09917319652844256,0.07549451537863897,False,230.04264641428557,795.9869085564076
831.9475540897068,143.7370371107261,0.8287252471716355,0.09880373987010496,0.0724710129582595,False,831.4736523781323,-28.076647891343043
832.0524363405342,143.70857089068946,0.8288303548883353,0.09872752714943368,0.07244211796223098,False,257.8972160270863,791.0753963976488
836.3851940201743,143.6540784003189,0.8331724267177236,0.09858159207573601,0.06824598120654037,False,836.3851645368914,-0.22207827854231255
836.4853470790522,143.62413590663738,0.8332727950761076,0.09850138021060591,0.06822582471328646,False,285.75178563988715,786.1638842388898
837.9256543353255,142.19599435614586,0.8347161985677257,0.09465603445547771,0.07062776697679657,False,823.2991324701177,-155.87796722832593
838.0470525057659,141.71860350278973,0.8348378577083894,0.09336201704533553,0.0718001252462751,False,828.2106446288765,-128.02339761552514
838.1678293326909,141.69574251798988,0.8349588941698324,0.0932999406564209,0.07174116517374672,False,162.8619784616631,822.1929737597054
839.1223523622291,141.29187355602284,0.8359154691420576,0.0922016262461074,0.071882904611835,False,833.1221567876355,-100.16882800272441
839.2388153475853,141.26802195713412,0.8360321824884462,0.092136664107126,0.07183115340442776,False,190.7165480744639,817.2814616009464
841.1478955892594,140.92094233241258,0.8379453666889768,0.09119011608578025,0.07086451722524297,False,838.0336689463944,-72.31425838992368
841.259929061026,140.8960147711589,0.8380576409996294,0.09112204447753762,0.07082031452283295,False,218.5711176872647,812.3699494421875
844.1168416010655,140.61169068744923,0.8409206950581158,0.09034476563154023,0.06873453931034393,False,842.9451811051533,-44.45968877712289
844.2243465462875,140.58559067836615,0.8410284311072289,0.09027333526453805,0.06869823362823303,False,246.42568730006536,807.4584372834286
848.0192817942744,140.3708826334149,0.8448315243455301,0.08968521966571473,0.06548325598875517,False,847.8566932639122,-16.60511916432216
848.1221765519695,140.34350059496091,0.8449346402965742,0.08961015173384121,0.06545520796958462,False,274.2802569128662,802.5469251246697
852.0090209219117,139.19868774449083,0.8488298402343063,0.08645846602535025,0.06471169374034345,False,839.6821733558975,-144.406438501305
852.1319150281618,139.17755825045296,0.8489529985265999,0.08640005292414837,0.06464694854925174,False,151.39044973464217,838.5760146454852
852.5976963097152,138.66534074697734,0.849419781100385,0.08498129289450394,0.0655989260051111,False,844.5936855146564,-116.55186888850426
852.716412218802,138.64333938583616,0.8495387522136251,0.08492023533712192,0.065541012449253,False,179.24501934744296,833.6645024867262
854.1231127729492,138.17880116198265,0.8509484767586301,0.08362879490353234,0.0654227283378376,False,849.5051976734153,-88.69729927570347
854.2375306230989,138.15585606824916,0.8510631405733753,0.08356489387918906,0.06537196554743566,False,207.09958896024375,828.7529903279674
856.5802658205889,137.74379908830974,0.8534109119598385,0.08241552408444117,0.0641735639557203,False,854.4167098321742,-60.84272966290274
856.6902811301139,137.7198293894977,0.8535211637697966,0.08234855850152163,0.06413027772868178,False,234.95415857304448,823.8414781692084
859.9611687823989,137.36574910589044,0.8567990828647921,0.08135798318757327,0.06184293394763461,False,859.3282219909331,-32.98816005010201
860.0666932514812,137.34066339871777,0.8569048341803265,0.08128770656336722,0.061807459256306305,False,262.80872818584527,818.9299660104494
864.2549807978594,137.05087964993527,0.8611021253083219,0.08047495688703622,0.05842291780464191,False,864.239734149692,-5.133590437301223
864.355942825802,137.02457414892783,0.8612033043748151,0.08040109340510358,0.05839560222008135,False,290.663297798646,814.0184538516905
866.2077587109383,136.86835210421208,0.8630591011173488,0.07996214357202092,0.056978755310630236,False,851.1537020829184,-160.78947938708484
866.3251937184707,136.24109309876772,0.8631767885754743,0.07819462376974107,0.058628587654784625,False,856.0652142416773,-132.9349097742841
866.4460572641515,136.2207738685209,0.8632979119420929,0.07813723130665937,0.0585648567512477,False,167.77349062042202,850.047543372506
867.3654369939263,135.6530639659659,0.8642192680668365,0.07653024186846391,0.059250490064699624,False,860.9767264004363,-105.08034016148332
867.4821319233828,135.6319155183165,0.8643362138559366,0.07647024810777732,0.05919353803628606,False,195.6280602332228,845.1360312137472
869.3251758185676,135.1080631632665,0.8661832197513304,0.0749811942995997,0.058835585949069916,False,865.8882385591951,-77.22577054868253
869.4375930819193,135.0860175795679,0.8662958786786068,0.07491840305203795,0.05878571826935525,False,223.48262984602354,840.2245190549883
872.1982121813264,134.6104188669922,0.8690624322939945,0.07356127992396111,0.0573762877820444,False,870.7997507179541,-49.37120093588186
872.3062577568872,134.58739974017413,0.8691707101356418,0.07349547314262404,0.05733381672173411,False,251.3371994588244,835.3130068962294
875.9755597918362,134.16508566747333,0.8728479000865907,0.07228616560142566,0.0548659343119836,False,875.7112628767129,-21.51663132308107
876.0791553162126,134.141006667326,0.8729517183107576,0.07221710008623805,0.054831181603004375,False,279.19176907162506,830.4014947374703
880.2930482459001,134.00099256409058,0.8771746698660763,0.07181525346703727,0.05101007666688645,False,867.5367429686983,-149.31795066006396
880.4159588682392,133.98220670142072,0.8772978447099635,0.07176130527240104,0.05094085001763543,False,156.30196189340114,866.4305842582859
880.6455821571692,133.77776322348797,0.8775279616211676,0.07117370629189315,0.05129833208693921,False,880.6227750354718,6.337938289719716
880.7446652902943,133.7525263534597,0.8776272577537743,0.07110110976030955,0.051271632485916194,False,307.0463386844258,825.4899825787115
880.862821789169,133.3237202971141,0.8777456682542354,0.06986550560868596,0.05238882613707865,False,872.4482551274572,-121.46338104726317
880.9816908923957,133.3042047066389,0.8778647928909376,0.06980917695083724,0.052326030158225206,False,184.15653150620187,861.519072099527
882.3393739546569,132.68232449669708,0.8792253945709216,0.06800988670876552,0.05276471872031284,False,877.3597672862161,-93.60881143446238
882.4540887464734,132.66202204863666,0.8793403559656705,0.06795100344019807,0.052708640594131426,False,212.0111011190026,856.6075599407682
884.7181646439813,132.08025682405076,0.8816092989578811,0.06625986760266493,0.052130833439453975,False,882.271279444975,-65.75424182166165
884.82862623398,132.0591035338729,0.8817199980076842,0.06619823675436516,0.05208176523795065,False,239.86567073180345,851.6960477820091
887.9919430216321,131.52144992272505,0.8848901149924486,0.0646284410251404,0.05048144398241097,False,887.1827916037339,-37.89967220886092
888.0980671417184,131.49937383662203,0.8849964672480595,0.06456384805037117,0.05043968470156936,False,267.7202403446042,846.7845356232502
892.1508565773235,131.01040536728232,0.8890579689843499,0.06313037606491949,0.047811654950730656,False,892.0943037624927,-10.045102596060133
892.2525740610671,130.98732521704042,0.8891599051306511,0.06306258156796572,0.04777751330138315,False,295.57480995740485,841.8730234644913
895.6111211621975,130.4470974473052,0.8925256721164253,0.06147232172477284,0.04600200615880185,False,888.831296013237,-109.99185232024223
895.7280330695562,130.42837867104132,0.8926428353498661,0.06141710158026617,0.045940063069867726,False,200.53957239198166,872.990600826548
897.5091867884847,129.75369433895202,0.8944278180233981,0.05942148286579818,0.04615069911080372,False,893.7428081719959,-82.1372827074415
897.6219629022006,129.7342307571899,0.8945408365724609,0.059363758529180986,0.04609540489835815,False,228.3941420047825,868.0790886677889
900.2922860882713,129.0960028880076,0.8972169001649587,0.057466113489467154,0.04531698634557415,False,898.6543203307548,-54.28271309464071
900.4008370398951,129.07573443570834,0.8973256844690785,0.05740569564453989,0.04526861988638165,False,256.24871161758324,863.1675765090301
903.952244540808,128.47756725994947,0.9008847264475519,0.05561834576200883,0.04349692779043926,False,903.5658324895137,-26.42814348183998
904.0564951372714,128.45642642230936,0.9009892011520173,0.05555502385819021,0.04345577498979249,False,284.10328123038397,858.2560643502711
908.4784644837123,127.90244376076672,0.90542067642695,0.053891987136888135,0.040687336436161854,False,908.4773446482727,1.426426130960749
908.5783540551862,127.88035431813384,0.9055207807315099,0.05382552615330777,0.040653693115182354,False,311.95785084318476,853.3445521915122
910.5598551926391,127.611771556629,0.9075065415113627,0.05301651573542947,0.03947694275320786,False,905.2143368990169,-98.52032359322135
910.6748479922387,127.59384255236115,0.9076217815115293,0.05296245035207487,0.03941576813639585,False,216.92261327776157,884.4621295535687
912.8651104674547,126.86776697197845,0.9098167524043838,0.05076654266610605,0.039416704929510195,False,910.1258490577757,-70.66575398042056
912.975989729977,126.84913488668347,0.909927870024583,0.050710027448490694,0.03936210252692633,False,244.7771828905623,879.5506173948099
916.0383015622639,126.15594657489741,0.9129967649231503,0.04860151381506181,0.0384017212617879,False,915.0373612165346,-42.811184367619774
916.144986823142,126.13655524619405,0.91310367952584,0.04854236356772444,0.03835395690643552,False,272.63175250336303,874.639105236051
920.0704483621871,125.47947385127416,0.9170375796481869,0.04653264524127733,0.036429775110535786,False,919.9488733752936,-14.9566147548191
920.1728728553776,125.45926018659367,0.9171402243237965,0.046470653948311395,0.03638912172789211,False,300.4863221161639,869.7275930772921
924.9503175683085,124.84196845509355,0.9219279391323018,0.04457271736022121,0.033499343507477033,False,924.8603855340525,12.897954857981688
925.0484284601873,124.82086126712572,0.9220262609336305,0.044507654997646855,0.03346608406872265,False,328.34089172896455,864.8160809185331
925.6993137231285,124.81830918362142,0.9226785454077108,0.04449978752051887,0.03282166707177036,False,921.5973777847967,-87.04879486620041
925.8124260911162,124.80116267600458,0.9227919009338927,0.044446924672564586,0.032761174393542675,False,233.30565416354136,895.9336582805897
928.3979100837041,124.02515815566932,0.9253829429536908,0.042046861459510754,0.03257019558679841,False,926.5088899435555,-59.19422525339962
928.5069344719309,124.00734994169729,0.9254922017121625,0.04199160728430605,0.03251619100353144,False,261.1602237763421,891.0221461218309
931.9474982358762,123.26075856613022,0.9289401616723609,0.03966796366099917,0.031391874666639896,False,931.4204021023145,-31.33965564059889
932.0523624883991,123.24223636664223,0.9290452513520652,0.039610137588374304,0.031344611059560525,False,289.01479338914294,886.1106339630719
936.3384000928443,122.52790185130146,0.9333405026718913,0.037373337951666585,0.029286159376442134,False,936.3319142610734,-3.485086027798161
936.4390452549221,122.50860697626295,0.9334413641913517,0.03731273908328131,0.029245896725366982,False,316.86936300194367,881.199121804313
941.0202914743668,122.06729706110377,0.938032458737538,0.035924117765136654,0.026043423497325302,False,937.9804186705765,-75.57726613917947
941.1315624522163,122.05092552369155,0.9381439689151367,0.03587250672571084,0.025983524359152424,False,249.68869504932115,907.4051870076107
941.5588454837786,121.82978060661152,0.9385721704790599,0.035174671358431144,0.026253158162508915,False,941.2434264198323,24.369483585002627
941.6552259376538,121.80964688146868,0.9386687581224543,0.03511107534307527,0.026220166534470415,False,344.72393261474446,876.2876096455541
944.098855516106,121.22650670411471,0.9411176407830095,0.03326454582662115,0.025617813390369323,False,942.8919308293355,-47.72269652637874
944.2060669692255,121.20951446046057,0.9412250827090985,0.033210606326281214,0.025564310964620238,False,277.543264662122,902.4936748488517
947.595124264084,121.17006499434771,0.9446214254765092,0.03308535035307648,0.022293224170414343,False,946.1549385785912,52.22405319780336
947.6872076763713,121.14901745637464,0.9447137068409449,0.03301850564571892,0.02226778751333617,False,372.5785022275452,871.3760974867952
948.0116607970282,120.41113596525294,0.9450388574400153,0.030667703870020473,0.02429343868996427,False,947.8034429880943,-19.868126913577953
948.1147483080504,120.39347459694667,0.945142166558749,0.03061126050602843,0.02424657293522252,False,305.39783427492273,897.5821626900929
952.7484290343693,119.62361379010025,0.9497858083305181,0.02814280742863624,0.022071384240845694,False,952.7149551468533,7.986442699222778
952.8473408773208,119.60522898645081,0.9498849328047277,0.028083665048728383,0.022031402146543873,False,333.2524038877236,892.6706505313339
956.51406602597,119.35934267797765,0.9535595403298323,0.027291794262416777,0.019148665407750967,False,954.3634595563564,-64.10573741215859
956.6235348258901,119.34373831367839,0.9536692444553512,0.027241485759219097,0.01908926978542973,False,266.07173593510106,918.8767157346315
958.2969420006395,118.86671640576594,0.9553462489614465,0.025700383607452085,0.018953367431101428,False,957.6264673056121,35.84101231202351
958.3916391928328,118.8475469814201,0.9554411497246433,0.025638324264897948,0.018920526010458717,False,361.10697350052425,887.759138372575
959.959696302846,118.47247521687535,0.9570125776944683,0.024422043909659418,0.018565378395872235,False,959.2749717151153,-36.2511677993578
960.0651365613298,118.45629074424703,0.9571182446183762,0.02436947437895017,0.018512281002673586,False,293.9263055479018,913.9652035758727
964.2230439821334,117.60780321625934,0.9612850903124968,0.02160335615514131,0.01711155353236193,False,964.1864838738742,-8.396598186557014
964.3243984771249,117.59099405161493,0.9613866626897272,0.021548355941734106,0.017064981368538727,False,321.78087516070264,909.0536914171138
969.2933191591129,116.7674037263077,0.9663662650840891,0.018843863056463434,0.014789871859447495,False,969.0979960326331,19.45797142624366
969.3905428443238,116.74991991101943,0.9664636977715175,0.018786243429101884,0.01475005879938059,False,349.63544477350337,904.1421792583549
972.1723756847675,116.69507480491863,0.9692515107312216,0.018605440000566492,0.012143049268211886,False,970.7465004421362,-52.63420868513765
972.2800815206554,116.68022952475003,0.969359448102856,0.01855648615190603,0.012084065745237956,False,282.45477682088085,930.3482444616525
975.1579352016823,115.95364852610078,0.9722434883196002,0.016152866051743306,0.011603645628656525,False,974.0095081913919,47.31254103904445
975.2509951872678,115.93543383571367,0.9723367483566783,0.016092416256829327,0.011570835386492402,False,377.49001438630404,899.2306670995958
975.9726369447474,115.76375075049589,0.973059941430869,0.015522177905241456,0.011417880663889497,False,975.6580126008951,-24.779639072336863
976.076347413232,115.74836552684312,0.97316387484624,0.01547103523152938,0.011365089922230613,False,310.3093464336817,925.4367323028937
980.5743460264512,114.85151295906144,0.9776715428284266,0.012477960842034567,0.009850496329538824,False,980.569524759654,3.0749305404638676
980.6740105852199,114.83554701278621,0.9777714216365704,0.012424466053529523,0.009804112309900095,False,338.1639160464824,920.5252201441347
985.9662814242286,113.96009833546444,0.9830750692953201,0.009479784095550352,0.007445146609129578,False,985.4810369184129,30.9295001532646
986.0618611907895,113.94350602791023,0.9831708545301588,0.009423755603302204,0.007405389866538952,False,366.01848565928316,915.6137079853758
992.1303128137527,113.10104540950758,0.9892523515323783,0.006568178725224965,0.004179469742396697,False,992.0410534866749,-13.308110345315981
992.1355593495477,113.09148750843126,0.9892576093466763,0.006535659693401954,0.004206730959921765,False,990.3925490771719,58.784069766065386
992.227027021935,113.0742175421276,0.989349273647553,0.006476894782821267,0.004173831569625748,False,393.87305527208395,910.7021958266168
997.0586831396804,112.14304679742978,0.994191316399387,0.003295017264515283,0.0025136663360977576,False,996.9525656454338,14.546459267484806
997.1567001110365,112.127914695563,0.9942895440782916,0.0032430919003211016,0.002467364021387278,False,354.5469569322622,931.9967488711557
1002.7609274620509,111.20255790403671,0.9999058188634415,5.436697524588839e-05,3.9814161312569336e-05,False,1001.8640778041928,42.40102888028554
1002.8549065712722,111.18684718997912,1.0,0.0,0.0,False,382.40152654506306,927.0852367123966
